{"posicionAparicion":{"x":22.614200592041017,"y":0.010003089904785157,"z":27.007747650146486}}