{"positionPlayer":{"x":-2.6095995903015138,"y":0.050488412380218509,"z":-0.11777744442224503},"positionCloud":{"x":2.1783876419067385,"y":-4.343467712402344,"z":15.410806655883789},"sizeParticleFog":30.0}