{"positionPlayer":{"x":1.926591157913208,"y":1.9600000381469727,"z":-1.9911175966262818},"positionCloud":{"x":2.1783876419067385,"y":-4.343467712402344,"z":15.410806655883789},"sizeParticleFog":4.0}